id,location,survival_target,location_target,month_target,1,2,3,4,5,6,7,8,9,10,11,12,13,14,15,16,17,18,19,20
1,Upper Sacramento River,juv_rear,Upper Sacramento River,4,4543,5209,3360,5167,3164,4290,4978,1779,1556,1441,1734,976.9999999999999,690,89,72,203,540,690,733,903
1,Battle Creek,juv_rear,Upper Sacramento River,4,6,5,10.999999999999998,12,5,6,7,6,5,10,12,10,8,0,0,8,16,14,6,2
1,Clear Creek,juv_rear,Upper Sacramento River,4,172,205,192,405,311,502,618,226,224,221,279,184,128,22,28,32,56,68,68,80
2,Upper Sacramento River,juv_rear,Upper-mid Sacramento River,4,4543,5209,3359,5164,3156,4277,4970,1779,1556,1437,1728,973,681,89,72,201,536,684,721,893.0000000000001
2,Battle Creek,juv_rear,Upper-mid Sacramento River,4,6,5,10.999999999999998,12,5,6,7,6,5,10,12,10,8,0,0,8,16,14,6,2
2,Clear Creek,juv_rear,Upper-mid Sacramento River,4,172,205,192,405,311,502,618,226,224,221,279,184,128,22,28,32,56,68,68,80
3,Upper Sacramento River,juv_rear,Lower-mid Sacramento River,4,4543,5209,3359,5164,3156,4277,4970,1779,1556,1437,1728,973,681,89,72,201,536,684,721,893.0000000000001
3,Battle Creek,juv_rear,Lower-mid Sacramento River,4,6,5,10.999999999999998,12,5,6,7,6,5,10,12,10,8,0,0,8,16,14,6,2
3,Clear Creek,juv_rear,Lower-mid Sacramento River,4,172,205,192,405,311,502,618,226,224,221,279,184,128,22,28,32,56,68,68,80
4,Upper Sacramento River,juv_rear,Lower Sacramento River,4,4543,5209,3359,5164,3156,4277,4970,1779,1556,1437,1728,973,681,89,72,201,536,684,721,893.0000000000001
4,Battle Creek,juv_rear,Lower Sacramento River,4,6,5,10.999999999999998,12,5,6,7,6,5,10,12,10,8,0,0,8,16,14,6,2
4,Clear Creek,juv_rear,Lower Sacramento River,4,172,205,192,405,311,502,618,226,224,221,279,184,128,22,28,32,56,68,68,80
5,Upper Sacramento River,juv_rear,Sutter Bypass,4,4543,5209,3359,5164,3156,4277,4970,1779,1556,1437,1728,973,681,89,72,201,536,684,721,893.0000000000001
5,Battle Creek,juv_rear,Sutter Bypass,4,6,5,10.999999999999998,12,5,6,7,6,5,10,12,10,8,0,0,8,16,14,6,2
5,Clear Creek,juv_rear,Sutter Bypass,4,172,205,192,405,311,502,618,226,224,221,279,184,128,22,28,32,56,68,68,80
6,Upper Sacramento River,juv_rear,Yolo Bypass,4,4543,5209,3359,5164,3156,4277,4970,1779,1556,1437,1728,973,681,89,72,201,536,684,721,893.0000000000001
6,Battle Creek,juv_rear,Yolo Bypass,4,6,5,10.999999999999998,12,5,6,7,6,5,10,12,10,8,0,0,8,16,14,6,2
6,Clear Creek,juv_rear,Yolo Bypass,4,172,205,192,405,311,502,618,226,224,221,279,184,128,22,28,32,56,68,68,80
7,Upper Sacramento River,juv_rear,Battle Creek,4,4543,5209,3359,5164,3155,4277,4970,1779,1556,1437,1728,972,681,89,72,201,536,684,721,893.0000000000001
7,Battle Creek,juv_rear,Battle Creek,4,6,5,10.999999999999998,12,5,6,7,6,5,10,12,10,8,0,0,8,16,14,6,2
7,Clear Creek,juv_rear,Battle Creek,4,172,205,192,405,311,502,618,226,224,221,279,184,128,22,28,32,56,68,68,80
8,Upper Sacramento River,juv_rear,Clear Creek,4,4543,5209,3359,5164,3155,4275,4970,1779,1556,1437,1728,973,681,89,72,201,536,684,721,893.0000000000001
8,Battle Creek,juv_rear,Clear Creek,4,6,5,10.999999999999998,12,5,6,7,6,5,10,12,10,8,0,0,8,16,14,6,2
8,Clear Creek,juv_rear,Clear Creek,4,172,205,194,406,311,502,618,226,225,221,279,186,130,22,28,32,56,68,68,80
9,Upper Sacramento River,juv_rear,Upper Sacramento River,5,4543,5209,3363,5177,3177,4311,4999,1783,1558,1444,1734,976.9999999999999,689,89,72,201,539,690,730,901
9,Battle Creek,juv_rear,Upper Sacramento River,5,6,5,10.999999999999998,12,5,6,7,6,5,10,12,10,8,0,0,8,16,14,6,2
9,Clear Creek,juv_rear,Upper Sacramento River,5,172,205,192,405,311,502,616,224,224,221,279,184,128,22,28,32,56,68,68,80
10,Upper Sacramento River,juv_rear,Upper-mid Sacramento River,5,4543,5209,3371,5184,3159,4518,5285,1797,1558,1442,1734,973,683,89,72,223,565,707,761,925
10,Battle Creek,juv_rear,Upper-mid Sacramento River,5,6,5,10.999999999999998,12,5,6,8,6,5,10,12,10,8,0,0,8,16,14,6,2
10,Clear Creek,juv_rear,Upper-mid Sacramento River,5,172,205,194,406,311,506,624,228,225,223,284,186,130,22,30,34,58,72,78,92
11,Upper Sacramento River,juv_rear,Lower-mid Sacramento River,5,4543,5209,3359,5164,3156,4277,4970,1779,1556,1437,1728,973,681,89,72,201,536,684,721,893.0000000000001
11,Battle Creek,juv_rear,Lower-mid Sacramento River,5,6,5,10.999999999999998,12,5,6,7,6,5,10,12,10,8,0,0,8,16,14,6,2
11,Clear Creek,juv_rear,Lower-mid Sacramento River,5,172,205,192,405,311,502,618,226,224,221,279,184,128,22,28,32,56,68,68,80
12,Upper Sacramento River,juv_rear,Lower Sacramento River,5,4543,5209,3359,5164,3156,4277,4970,1779,1556,1437,1728,973,681,89,72,201,536,684,721,893.0000000000001
12,Battle Creek,juv_rear,Lower Sacramento River,5,6,5,10.999999999999998,12,5,6,7,6,5,10,12,10,8,0,0,8,16,14,6,2
12,Clear Creek,juv_rear,Lower Sacramento River,5,172,205,192,405,311,502,618,226,224,221,279,184,128,22,28,32,56,68,68,80
13,Upper Sacramento River,juv_rear,Sutter Bypass,5,4543,5209,3359,5164,3156,4277,4970,1779,1556,1437,1728,973,681,89,72,201,536,684,721,893.0000000000001
13,Battle Creek,juv_rear,Sutter Bypass,5,6,5,10.999999999999998,12,5,6,7,6,5,10,12,10,8,0,0,8,16,14,6,2
13,Clear Creek,juv_rear,Sutter Bypass,5,172,205,192,405,311,502,618,226,224,221,279,184,128,22,28,32,56,68,68,80
14,Upper Sacramento River,juv_rear,Yolo Bypass,5,4543,5209,3359,5164,3156,4277,4970,1779,1556,1437,1728,973,681,89,72,201,536,684,721,893.0000000000001
14,Battle Creek,juv_rear,Yolo Bypass,5,6,5,10.999999999999998,12,5,6,7,6,5,10,12,10,8,0,0,8,16,14,6,2
14,Clear Creek,juv_rear,Yolo Bypass,5,172,205,192,405,311,502,618,226,224,221,279,184,128,22,28,32,56,68,68,80
15,Upper Sacramento River,juv_rear,Battle Creek,5,4543,5209,3358,5164,3155,4275,4970,1779,1555,1435,1728,972,681,89,72,201,536,686,721,893.0000000000001
15,Battle Creek,juv_rear,Battle Creek,5,6,5,10.999999999999998,12,5,6,7,8,7,10,14,10,10,0,0,10,20,16,8,2
15,Clear Creek,juv_rear,Battle Creek,5,172,205,192,405,311,502,618,226,224,221,279,184,128,22,28,32,56,68,68,80
16,Upper Sacramento River,juv_rear,Clear Creek,5,4543,5209,3359,5164,3156,4277,4970,1779,1556,1437,1728,973,681,89,72,201,536,684,721,893.0000000000001
16,Battle Creek,juv_rear,Clear Creek,5,6,5,10.999999999999998,12,5,6,7,6,5,10,12,10,8,0,0,8,16,14,6,2
16,Clear Creek,juv_rear,Clear Creek,5,172,205,192,405,311,502,618,226,224,221,279,184,128,22,28,32,56,68,68,80
17,Upper Sacramento River,juv_rear,Upper Sacramento River,6,4543,5209,3364,5177,3165,4310,5012,1783,1557,1441,1732,973,684,89,72,201,537,690,730,900
17,Battle Creek,juv_rear,Upper Sacramento River,6,6,5,10.999999999999998,12,5,6,7,6,5,10,12,10,8,0,0,8,16,14,6,2
17,Clear Creek,juv_rear,Upper Sacramento River,6,172,205,192,405,311,502,616,224,224,221,279,184,128,22,28,32,56,68,68,80
18,Upper Sacramento River,juv_rear,Upper-mid Sacramento River,6,4543,5209,3456,5361,3274,4330,5023,1904,1678,1619,1993,1158,829,103,85,221,614,784,800,1020
18,Battle Creek,juv_rear,Upper-mid Sacramento River,6,6,5,10.999999999999998,13,5,6,7,6,7,10,14,10.999999999999998,10,0,0,10,20,16,8,2
18,Clear Creek,juv_rear,Upper-mid Sacramento River,6,172,205,197,418,317,506,621,246,245,246,316,215,148,24,32,34,68,82,78,102
19,Upper Sacramento River,juv_rear,Lower-mid Sacramento River,6,4543,5209,3359,5167,3156,4277,4970,1779,1556,1437,1728,973,681,89,72,201,536,684,721,893.0000000000001
19,Battle Creek,juv_rear,Lower-mid Sacramento River,6,6,5,10.999999999999998,12,5,6,7,6,5,10,12,10,8,0,0,8,16,14,6,2
19,Clear Creek,juv_rear,Lower-mid Sacramento River,6,172,205,192,405,311,502,618,226,224,221,279,184,128,22,28,32,56,68,68,80
20,Upper Sacramento River,juv_rear,Lower Sacramento River,6,4543,5209,3359,5164,3156,4277,4970,1779,1556,1437,1728,973,681,89,72,201,536,684,721,893.0000000000001
20,Battle Creek,juv_rear,Lower Sacramento River,6,6,5,10.999999999999998,12,5,6,7,6,5,10,12,10,8,0,0,8,16,14,6,2
20,Clear Creek,juv_rear,Lower Sacramento River,6,172,205,192,405,311,502,618,226,224,221,279,184,128,22,28,32,56,68,68,80
21,Upper Sacramento River,juv_rear,Sutter Bypass,6,4543,5209,3359,5164,3156,4277,4970,1779,1556,1437,1728,973,681,89,72,201,536,684,721,893.0000000000001
21,Battle Creek,juv_rear,Sutter Bypass,6,6,5,10.999999999999998,12,5,6,7,6,5,10,12,10,8,0,0,8,16,14,6,2
21,Clear Creek,juv_rear,Sutter Bypass,6,172,205,192,405,311,502,618,226,224,221,279,184,128,22,28,32,56,68,68,80
22,Upper Sacramento River,juv_rear,Yolo Bypass,6,4543,5209,3359,5164,3156,4277,4970,1779,1556,1437,1728,973,681,89,72,201,536,684,721,893.0000000000001
22,Battle Creek,juv_rear,Yolo Bypass,6,6,5,10.999999999999998,12,5,6,7,6,5,10,12,10,8,0,0,8,16,14,6,2
22,Clear Creek,juv_rear,Yolo Bypass,6,172,205,192,405,311,502,618,226,224,221,279,184,128,22,28,32,56,68,68,80
23,Upper Sacramento River,juv_rear,Battle Creek,6,4543,5209,3359,5164,3156,4277,4970,1779,1556,1437,1728,973,681,89,72,201,536,684,721,893.0000000000001
23,Battle Creek,juv_rear,Battle Creek,6,6,5,10.999999999999998,12,5,6,7,6,5,10,12,10,8,0,0,8,16,14,6,2
23,Clear Creek,juv_rear,Battle Creek,6,172,205,192,405,311,502,618,226,224,221,279,184,128,22,28,32,56,68,68,80
24,Upper Sacramento River,juv_rear,Clear Creek,6,4543,5209,3359,5164,3156,4277,4970,1779,1556,1435,1727,973,681,89,72,201,536,684,721,893.0000000000001
24,Battle Creek,juv_rear,Clear Creek,6,6,5,10.999999999999998,12,5,6,7,6,5,10,12,10,8,0,0,8,16,14,6,2
24,Clear Creek,juv_rear,Clear Creek,6,172,205,192,405,311,502,621,232,224,224,284,186,130,22,30,32,56,68,68,80
25,Upper Sacramento River,juv_rear,Upper Sacramento River,7,4543,5209,3369,5181,3167,4315,5015,1785,1557,1441,1734,973,684,95,83,201,548,699,737,919
25,Battle Creek,juv_rear,Upper Sacramento River,7,6,5,10.999999999999998,12,5,6,7,6,5,10,12,10,8,0,0,8,16,14,6,2
25,Clear Creek,juv_rear,Upper Sacramento River,7,172,205,192,405,311,502,616,224,224,221,279,184,128,22,28,32,56,66,68,80
26,Upper Sacramento River,juv_rear,Upper-mid Sacramento River,7,4543,5209,3366,5183,3169,4284,4981,1867,1662,1553,1883.9999999999998,1069,777,95,79,203,571,733,747.9999999999999,945
26,Battle Creek,juv_rear,Upper-mid Sacramento River,7,6,5,10.999999999999998,12,5,6,7,6,5,10,12,10,8,0,0,8,16,14,6,2
26,Clear Creek,juv_rear,Upper-mid Sacramento River,7,172,205,192,405,311,504,618,238,239,234,302,201,140,24,30,32,56,70,68,82
27,Upper Sacramento River,juv_rear,Lower-mid Sacramento River,7,4543,5209,3359,5164,3156,4277,4970,1779,1556,1437,1728,973,681,89,72,201,536,684,721,893.0000000000001
27,Battle Creek,juv_rear,Lower-mid Sacramento River,7,6,5,10.999999999999998,12,5,6,7,6,5,10,12,10,8,0,0,8,16,14,6,2
27,Clear Creek,juv_rear,Lower-mid Sacramento River,7,172,205,192,405,311,502,618,226,224,221,279,184,128,22,28,32,56,68,68,80
28,Upper Sacramento River,juv_rear,Lower Sacramento River,7,4543,5209,3359,5164,3156,4277,4970,1779,1556,1437,1728,973,681,89,72,201,536,684,721,893.0000000000001
28,Battle Creek,juv_rear,Lower Sacramento River,7,6,5,10.999999999999998,12,5,6,7,6,5,10,12,10,8,0,0,8,16,14,6,2
28,Clear Creek,juv_rear,Lower Sacramento River,7,172,205,192,405,311,502,618,226,224,221,279,184,128,22,28,32,56,68,68,80
29,Upper Sacramento River,juv_rear,Sutter Bypass,7,4543,5209,3359,5164,3156,4277,4970,1779,1556,1437,1728,973,681,89,72,201,536,684,721,893.0000000000001
29,Battle Creek,juv_rear,Sutter Bypass,7,6,5,10.999999999999998,12,5,6,7,6,5,10,12,10,8,0,0,8,16,14,6,2
29,Clear Creek,juv_rear,Sutter Bypass,7,172,205,192,405,311,502,618,226,224,221,279,184,128,22,28,32,56,68,68,80
30,Upper Sacramento River,juv_rear,Yolo Bypass,7,4543,5209,3359,5164,3156,4277,4970,1779,1556,1437,1728,973,681,89,72,201,536,684,721,893.0000000000001
30,Battle Creek,juv_rear,Yolo Bypass,7,6,5,10.999999999999998,12,5,6,7,6,5,10,12,10,8,0,0,8,16,14,6,2
30,Clear Creek,juv_rear,Yolo Bypass,7,172,205,192,405,311,502,618,226,224,221,279,184,128,22,28,32,56,68,68,80
31,Upper Sacramento River,juv_rear,Battle Creek,7,4543,5209,3359,5164,3156,4277,4970,1779,1556,1437,1728,973,681,89,72,201,536,684,721,893.0000000000001
31,Battle Creek,juv_rear,Battle Creek,7,6,5,10.999999999999998,12,5,6,7,6,5,10,12,10,8,0,0,8,16,14,6,2
31,Clear Creek,juv_rear,Battle Creek,7,172,205,192,405,311,502,618,226,224,221,279,184,128,22,28,32,56,68,68,80
32,Upper Sacramento River,juv_rear,Clear Creek,7,4543,5209,3359,5164,3156,4277,4970,1779,1556,1435,1727,973,681,89,72,201,536,684,721,893.0000000000001
32,Battle Creek,juv_rear,Clear Creek,7,6,5,10.999999999999998,12,5,6,7,6,5,10,12,10,8,0,0,8,16,14,6,2
32,Clear Creek,juv_rear,Clear Creek,7,172,205,194,406,311,504,619,230,225,224,284,186,130,22,28,32,56,68,68,82
33,Upper Sacramento River,juv_rear,Upper Sacramento River,8,4543,5209,3369,5189,3170,4290,4987,1789,1557,1441,1734,976,684,89,74,201,540,690,736,915
33,Battle Creek,juv_rear,Upper Sacramento River,8,6,5,10.999999999999998,12,5,6,7,6,5,10,12,10,8,0,0,8,16,14,6,2
33,Clear Creek,juv_rear,Upper Sacramento River,8,172,205,192,405,311,502,616,226,224,221,279,184,128,22,28,32,56,66,68,80
34,Upper Sacramento River,juv_rear,Upper-mid Sacramento River,8,4543,5209,3366,5179,3170,4369,5077,1786,1557,1441,1734,973,683,89,72,201,537,701,743,903
34,Battle Creek,juv_rear,Upper-mid Sacramento River,8,6,5,10.999999999999998,12,5,6,7,6,5,10,12,10,8,0,0,8,16,14,6,2
34,Clear Creek,juv_rear,Upper-mid Sacramento River,8,172,205,192,405,311,511,629,226,225,221,279,184,128,22,28,32,56,68,68,80
35,Upper Sacramento River,juv_rear,Lower-mid Sacramento River,8,4543,5209,3359,5164,3156,4277,4970,1779,1556,1437,1728,973,681,89,72,201,536,684,721,893.0000000000001
35,Battle Creek,juv_rear,Lower-mid Sacramento River,8,6,5,10.999999999999998,12,5,6,7,6,5,10,12,10,8,0,0,8,16,14,6,2
35,Clear Creek,juv_rear,Lower-mid Sacramento River,8,172,205,192,405,311,502,618,226,224,221,279,184,128,22,28,32,56,68,68,80
36,Upper Sacramento River,juv_rear,Lower Sacramento River,8,4543,5209,3359,5164,3156,4277,4970,1779,1556,1437,1728,973,681,89,72,201,536,684,721,893.0000000000001
36,Battle Creek,juv_rear,Lower Sacramento River,8,6,5,10.999999999999998,12,5,6,7,6,5,10,12,10,8,0,0,8,16,14,6,2
36,Clear Creek,juv_rear,Lower Sacramento River,8,172,205,192,405,311,502,618,226,224,221,279,184,128,22,28,32,56,68,68,80
37,Upper Sacramento River,juv_rear,Sutter Bypass,8,4543,5209,3359,5164,3156,4277,4970,1779,1556,1437,1728,973,681,89,72,201,536,684,721,893.0000000000001
37,Battle Creek,juv_rear,Sutter Bypass,8,6,5,10.999999999999998,12,5,6,7,6,5,10,12,10,8,0,0,8,16,14,6,2
37,Clear Creek,juv_rear,Sutter Bypass,8,172,205,192,405,311,502,618,226,224,221,279,184,128,22,28,32,56,68,68,80
38,Upper Sacramento River,juv_rear,Yolo Bypass,8,4543,5209,3359,5164,3156,4277,4970,1779,1556,1437,1728,973,681,89,72,201,536,684,721,893.0000000000001
38,Battle Creek,juv_rear,Yolo Bypass,8,6,5,10.999999999999998,12,5,6,7,6,5,10,12,10,8,0,0,8,16,14,6,2
38,Clear Creek,juv_rear,Yolo Bypass,8,172,205,192,405,311,502,618,226,224,221,279,184,128,22,28,32,56,68,68,80
39,Upper Sacramento River,juv_rear,Battle Creek,8,4543,5209,3359,5164,3156,4277,4970,1779,1556,1437,1728,973,681,89,72,201,536,684,721,893.0000000000001
39,Battle Creek,juv_rear,Battle Creek,8,6,5,10.999999999999998,12,5,6,7,6,5,10,12,10,8,0,0,8,16,14,6,2
39,Clear Creek,juv_rear,Battle Creek,8,172,205,192,405,311,502,618,226,224,221,279,184,128,22,28,32,56,68,68,80
40,Upper Sacramento River,juv_rear,Clear Creek,8,4543,5209,3359,5164,3156,4277,4970,1779,1556,1435,1728,973,681,89,72,201,536,684,721,893.0000000000001
40,Battle Creek,juv_rear,Clear Creek,8,6,5,10.999999999999998,12,5,6,7,6,5,10,12,10,8,0,0,8,16,14,6,2
40,Clear Creek,juv_rear,Clear Creek,8,172,205,194,408,313,504,619,228,225,223,283,186,130,22,30,32,56,68,68,82
41,Upper Sacramento River,juv_rear,Upper Sacramento River,9,4543,5209,3393,5320,3303,4294,4984,1798,1574,1456,1749,993.0000000000001,695,93,79,201,543,695,737,938
41,Battle Creek,juv_rear,Upper Sacramento River,9,6,5,10.999999999999998,12,5,6,7,6,5,10,12,10,8,0,0,8,16,14,6,2
41,Clear Creek,juv_rear,Upper Sacramento River,9,172,205,192,405,311,502,615,226,224,221,279,184,128,22,28,32,56,66,68,80
42,Upper Sacramento River,juv_rear,Upper-mid Sacramento River,9,4543,5209,3370,5187,3211,4535,5226,1792,1557,1441,1734,973,684,89,72,201,537,707,754,914
42,Battle Creek,juv_rear,Upper-mid Sacramento River,9,6,5,10.999999999999998,12,5,6,8,6,5,10,12,10,8,0,0,8,16,14,6,2
42,Clear Creek,juv_rear,Upper-mid Sacramento River,9,172,205,194,406,315,531,648,228,225,223,283,184,128,22,28,32,56,68,68,80
43,Upper Sacramento River,juv_rear,Lower-mid Sacramento River,9,4543,5209,3359,5164,3156,4277,4970,1779,1556,1437,1728,973,681,89,72,201,536,684,721,893.0000000000001
43,Battle Creek,juv_rear,Lower-mid Sacramento River,9,6,5,10.999999999999998,12,5,6,7,6,5,10,12,10,8,0,0,8,16,14,6,2
43,Clear Creek,juv_rear,Lower-mid Sacramento River,9,172,205,192,405,311,502,618,226,224,221,279,184,128,22,28,32,56,68,68,80
44,Upper Sacramento River,juv_rear,Lower Sacramento River,9,4543,5209,3359,5164,3156,4277,4970,1779,1556,1437,1728,973,681,89,72,201,536,684,721,893.0000000000001
44,Battle Creek,juv_rear,Lower Sacramento River,9,6,5,10.999999999999998,12,5,6,7,6,5,10,12,10,8,0,0,8,16,14,6,2
44,Clear Creek,juv_rear,Lower Sacramento River,9,172,205,192,405,311,502,618,226,224,221,279,184,128,22,28,32,56,68,68,80
45,Upper Sacramento River,juv_rear,Sutter Bypass,9,4543,5209,3359,5164,3156,4277,4970,1779,1556,1437,1728,973,681,89,72,201,536,684,721,893.0000000000001
45,Battle Creek,juv_rear,Sutter Bypass,9,6,5,10.999999999999998,12,5,6,7,6,5,10,12,10,8,0,0,8,16,14,6,2
45,Clear Creek,juv_rear,Sutter Bypass,9,172,205,192,405,311,502,618,226,224,221,279,184,128,22,28,32,56,68,68,80
46,Upper Sacramento River,juv_rear,Yolo Bypass,9,4543,5209,3359,5164,3156,4277,4970,1779,1556,1437,1728,973,681,89,72,201,536,684,721,893.0000000000001
46,Battle Creek,juv_rear,Yolo Bypass,9,6,5,10.999999999999998,12,5,6,7,6,5,10,12,10,8,0,0,8,16,14,6,2
46,Clear Creek,juv_rear,Yolo Bypass,9,172,205,192,405,311,502,618,226,224,221,279,184,128,22,28,32,56,68,68,80
47,Upper Sacramento River,juv_rear,Battle Creek,9,4543,5209,3359,5164,3156,4277,4970,1779,1556,1437,1728,973,681,89,72,201,536,684,721,893.0000000000001
47,Battle Creek,juv_rear,Battle Creek,9,6,5,10.999999999999998,12,5,6,7,6,5,10,12,10,8,0,0,8,16,14,6,2
47,Clear Creek,juv_rear,Battle Creek,9,172,205,192,405,311,502,618,226,224,221,279,184,128,22,28,32,56,68,68,80
48,Upper Sacramento River,juv_rear,Clear Creek,9,4543,5209,3359,5164,3156,4275,4970,1779,1556,1437,1728,973,681,89,72,201,536,684,721,893.0000000000001
48,Battle Creek,juv_rear,Clear Creek,9,6,5,10.999999999999998,12,5,6,7,6,5,10,12,10,8,0,0,8,16,14,6,2
48,Clear Creek,juv_rear,Clear Creek,9,172,205,192,405,311,502,618,226,224,221,279,184,128,22,28,32,56,68,68,80
49,Upper Sacramento River,juv_rear,Upper Sacramento River,10,4543,5209,3362,5180,3173,4280,4973,1779,1556,1437,1729,973,684,89,74,201,540,690,724,900
49,Battle Creek,juv_rear,Upper Sacramento River,10,6,5,10.999999999999998,12,5,6,7,6,5,10,12,10,8,0,0,8,16,14,6,2
49,Clear Creek,juv_rear,Upper Sacramento River,10,172,205,192,405,311,502,618,226,224,221,279,184,128,22,28,32,56,66,68,80
50,Upper Sacramento River,juv_rear,Upper-mid Sacramento River,10,4543,5209,3481,5435,3339,4383,5053,1789,1566,1451,1740,981,690,93,79,201,543,708,768,945
50,Battle Creek,juv_rear,Upper-mid Sacramento River,10,6,5,10.999999999999998,13,5,6,7,6,5,10,12,10,8,0,0,8,16,14,6,2
50,Clear Creek,juv_rear,Upper-mid Sacramento River,10,172,205,203,435,335,518,631,230,229,224,288,190,131,24,32,32,58,72,72,90
51,Upper Sacramento River,juv_rear,Lower-mid Sacramento River,10,4543,5209,3359,5164,3156,4277,4970,1779,1556,1437,1728,973,681,89,72,201,536,684,721,893.0000000000001
51,Battle Creek,juv_rear,Lower-mid Sacramento River,10,6,5,10.999999999999998,12,5,6,7,6,5,10,12,10,8,0,0,8,16,14,6,2
51,Clear Creek,juv_rear,Lower-mid Sacramento River,10,172,205,192,405,311,502,618,226,224,221,279,184,128,22,28,32,56,68,68,80
52,Upper Sacramento River,juv_rear,Lower Sacramento River,10,4543,5209,3359,5164,3156,4277,4970,1779,1556,1437,1728,973,681,89,72,201,536,684,721,893.0000000000001
52,Battle Creek,juv_rear,Lower Sacramento River,10,6,5,10.999999999999998,12,5,6,7,6,5,10,12,10,8,0,0,8,16,14,6,2
52,Clear Creek,juv_rear,Lower Sacramento River,10,172,205,192,405,311,502,618,226,224,221,279,184,128,22,28,32,56,68,68,80
53,Upper Sacramento River,juv_rear,Sutter Bypass,10,4543,5209,3359,5164,3156,4277,4970,1779,1556,1437,1728,973,681,89,72,201,536,684,721,893.0000000000001
53,Battle Creek,juv_rear,Sutter Bypass,10,6,5,10.999999999999998,12,5,6,7,6,5,10,12,10,8,0,0,8,16,14,6,2
53,Clear Creek,juv_rear,Sutter Bypass,10,172,205,192,405,311,502,618,226,224,221,279,184,128,22,28,32,56,68,68,80
54,Upper Sacramento River,juv_rear,Yolo Bypass,10,4543,5209,3359,5164,3156,4277,4970,1779,1556,1437,1728,973,681,89,72,201,536,684,721,893.0000000000001
54,Battle Creek,juv_rear,Yolo Bypass,10,6,5,10.999999999999998,12,5,6,7,6,5,10,12,10,8,0,0,8,16,14,6,2
54,Clear Creek,juv_rear,Yolo Bypass,10,172,205,192,405,311,502,618,226,224,221,279,184,128,22,28,32,56,68,68,80
55,Upper Sacramento River,juv_rear,Battle Creek,10,4543,5209,3359,5164,3156,4277,4970,1779,1556,1437,1728,973,681,89,72,201,536,684,721,893.0000000000001
55,Battle Creek,juv_rear,Battle Creek,10,6,5,10.999999999999998,12,5,6,7,6,5,10,12,10,8,0,0,8,16,14,6,2
55,Clear Creek,juv_rear,Battle Creek,10,172,205,192,405,311,502,618,226,224,221,279,184,128,22,28,32,56,68,68,80
56,Upper Sacramento River,juv_rear,Clear Creek,10,4543,5209,3359,5164,3156,4277,4970,1779,1556,1437,1728,973,681,89,72,201,536,684,721,893.0000000000001
56,Battle Creek,juv_rear,Clear Creek,10,6,5,10.999999999999998,12,5,6,7,6,5,10,12,10,8,0,0,8,16,14,6,2
56,Clear Creek,juv_rear,Clear Creek,10,172,205,192,405,311,502,618,226,224,221,279,184,128,22,28,32,56,68,68,80
57,Upper Sacramento River,juv_rear,Upper Sacramento River,11,4543,5209,3359,5164,3156,4277,4970,1779,1556,1437,1728,973,681,89,72,201,536,684,721,893.0000000000001
57,Battle Creek,juv_rear,Upper Sacramento River,11,6,5,10.999999999999998,12,5,6,7,6,5,10,12,10,8,0,0,8,16,14,6,2
57,Clear Creek,juv_rear,Upper Sacramento River,11,172,205,192,405,311,502,618,226,224,221,279,184,128,22,28,32,56,68,68,80
58,Upper Sacramento River,juv_rear,Upper-mid Sacramento River,11,4543,5209,3359,5164,3156,4277,4970,1779,1556,1437,1728,973,681,89,72,201,536,684,721,893.0000000000001
58,Battle Creek,juv_rear,Upper-mid Sacramento River,11,6,5,10.999999999999998,12,5,6,7,6,5,10,12,10,8,0,0,8,16,14,6,2
58,Clear Creek,juv_rear,Upper-mid Sacramento River,11,172,205,192,405,311,502,618,226,224,221,279,184,128,22,28,32,56,68,68,80
59,Upper Sacramento River,juv_rear,Lower-mid Sacramento River,11,4543,5209,3359,5164,3156,4277,4970,1779,1556,1437,1728,973,681,89,72,201,536,684,721,893.0000000000001
59,Battle Creek,juv_rear,Lower-mid Sacramento River,11,6,5,10.999999999999998,12,5,6,7,6,5,10,12,10,8,0,0,8,16,14,6,2
59,Clear Creek,juv_rear,Lower-mid Sacramento River,11,172,205,192,405,311,502,618,226,224,221,279,184,128,22,28,32,56,68,68,80
60,Upper Sacramento River,juv_rear,Lower Sacramento River,11,4543,5209,3359,5164,3156,4277,4970,1779,1556,1437,1728,973,681,89,72,201,536,684,721,893.0000000000001
60,Battle Creek,juv_rear,Lower Sacramento River,11,6,5,10.999999999999998,12,5,6,7,6,5,10,12,10,8,0,0,8,16,14,6,2
60,Clear Creek,juv_rear,Lower Sacramento River,11,172,205,192,405,311,502,618,226,224,221,279,184,128,22,28,32,56,68,68,80
61,Upper Sacramento River,juv_rear,Sutter Bypass,11,4543,5209,3359,5164,3156,4277,4970,1779,1556,1437,1728,973,681,89,72,201,536,684,721,893.0000000000001
61,Battle Creek,juv_rear,Sutter Bypass,11,6,5,10.999999999999998,12,5,6,7,6,5,10,12,10,8,0,0,8,16,14,6,2
61,Clear Creek,juv_rear,Sutter Bypass,11,172,205,192,405,311,502,618,226,224,221,279,184,128,22,28,32,56,68,68,80
62,Upper Sacramento River,juv_rear,Yolo Bypass,11,4543,5209,3359,5164,3156,4277,4970,1779,1556,1437,1728,973,681,89,72,201,536,684,721,893.0000000000001
62,Battle Creek,juv_rear,Yolo Bypass,11,6,5,10.999999999999998,12,5,6,7,6,5,10,12,10,8,0,0,8,16,14,6,2
62,Clear Creek,juv_rear,Yolo Bypass,11,172,205,192,405,311,502,618,226,224,221,279,184,128,22,28,32,56,68,68,80
63,Upper Sacramento River,juv_rear,Battle Creek,11,4543,5209,3359,5164,3156,4277,4970,1779,1556,1437,1728,973,681,89,72,201,536,684,721,893.0000000000001
63,Battle Creek,juv_rear,Battle Creek,11,6,5,10.999999999999998,12,5,6,7,6,5,10,12,10,8,0,0,8,16,14,6,2
63,Clear Creek,juv_rear,Battle Creek,11,172,205,192,405,311,502,618,226,224,221,279,184,128,22,28,32,56,68,68,80
64,Upper Sacramento River,juv_rear,Clear Creek,11,4543,5209,3359,5164,3156,4277,4970,1779,1556,1437,1728,973,681,89,72,201,536,684,721,893.0000000000001
64,Battle Creek,juv_rear,Clear Creek,11,6,5,10.999999999999998,12,5,6,7,6,5,10,12,10,8,0,0,8,16,14,6,2
64,Clear Creek,juv_rear,Clear Creek,11,172,205,192,405,311,502,618,226,224,221,279,184,128,22,28,32,56,68,68,80
65,Upper Sacramento River,juv_rear,South Delta,4,4543,5209,3359,5164,3156,4277,4970,1779,1556,1437,1728,973,681,89,72,201,536,684,721,893.0000000000001
65,Battle Creek,juv_rear,South Delta,4,6,5,10.999999999999998,12,5,6,7,6,5,10,12,10,8,0,0,8,16,14,6,2
65,Clear Creek,juv_rear,South Delta,4,172,205,192,405,311,502,618,226,224,221,279,184,128,22,28,32,56,68,68,80
66,Upper Sacramento River,juv_rear,North Delta,4,4543,5209,3359,5164,3156,4277,4970,1779,1556,1437,1728,973,681,89,72,201,536,684,721,893.0000000000001
66,Battle Creek,juv_rear,North Delta,4,6,5,10.999999999999998,12,5,6,7,6,5,10,12,10,8,0,0,8,16,14,6,2
66,Clear Creek,juv_rear,North Delta,4,172,205,192,405,311,502,618,226,224,221,279,184,128,22,28,32,56,68,68,80
67,Upper Sacramento River,juv_rear,South Delta,5,4543,5209,3359,5164,3156,4277,4970,1779,1556,1437,1728,973,681,89,72,201,536,684,721,893.0000000000001
67,Battle Creek,juv_rear,South Delta,5,6,5,10.999999999999998,12,5,6,7,6,5,10,12,10,8,0,0,8,16,14,6,2
67,Clear Creek,juv_rear,South Delta,5,172,205,192,405,311,502,618,226,224,221,279,184,128,22,28,32,56,68,68,80
68,Upper Sacramento River,juv_rear,North Delta,5,4543,5209,3359,5164,3156,4277,4970,1779,1556,1437,1728,973,681,89,72,201,536,684,721,893.0000000000001
68,Battle Creek,juv_rear,North Delta,5,6,5,10.999999999999998,12,5,6,7,6,5,10,12,10,8,0,0,8,16,14,6,2
68,Clear Creek,juv_rear,North Delta,5,172,205,192,405,311,502,618,226,224,221,279,184,128,22,28,32,56,68,68,80
69,Upper Sacramento River,juv_rear,South Delta,6,4543,5209,3359,5164,3156,4277,4970,1779,1556,1437,1728,973,681,89,72,201,536,684,721,893.0000000000001
69,Battle Creek,juv_rear,South Delta,6,6,5,10.999999999999998,12,5,6,7,6,5,10,12,10,8,0,0,8,16,14,6,2
69,Clear Creek,juv_rear,South Delta,6,172,205,192,405,311,502,618,226,224,221,279,184,128,22,28,32,56,68,68,80
70,Upper Sacramento River,juv_rear,North Delta,6,4543,5209,3359,5164,3156,4277,4970,1779,1556,1437,1728,973,681,89,72,201,536,684,721,893.0000000000001
70,Battle Creek,juv_rear,North Delta,6,6,5,10.999999999999998,12,5,6,7,6,5,10,12,10,8,0,0,8,16,14,6,2
70,Clear Creek,juv_rear,North Delta,6,172,205,192,405,311,502,618,226,224,221,279,184,128,22,28,32,56,68,68,80
71,Upper Sacramento River,juv_rear,South Delta,7,4543,5209,3359,5164,3156,4277,4970,1779,1556,1437,1728,973,681,89,72,201,536,684,721,893.0000000000001
71,Battle Creek,juv_rear,South Delta,7,6,5,10.999999999999998,12,5,6,7,6,5,10,12,10,8,0,0,8,16,14,6,2
71,Clear Creek,juv_rear,South Delta,7,172,205,192,405,311,502,618,226,224,221,279,184,128,22,28,32,56,68,68,80
72,Upper Sacramento River,juv_rear,North Delta,7,4543,5209,3359,5164,3156,4277,4970,1779,1556,1437,1728,973,681,89,72,201,536,684,721,893.0000000000001
72,Battle Creek,juv_rear,North Delta,7,6,5,10.999999999999998,12,5,6,7,6,5,10,12,10,8,0,0,8,16,14,6,2
72,Clear Creek,juv_rear,North Delta,7,172,205,192,405,311,502,618,226,224,221,279,184,128,22,28,32,56,68,68,80
73,Upper Sacramento River,juv_rear,South Delta,8,4543,5209,3359,5164,3156,4277,4970,1779,1556,1437,1728,973,681,89,72,201,536,684,721,893.0000000000001
73,Battle Creek,juv_rear,South Delta,8,6,5,10.999999999999998,12,5,6,7,6,5,10,12,10,8,0,0,8,16,14,6,2
73,Clear Creek,juv_rear,South Delta,8,172,205,192,405,311,502,618,226,224,221,279,184,128,22,28,32,56,68,68,80
74,Upper Sacramento River,juv_rear,North Delta,8,4543,5209,3359,5164,3156,4277,4970,1779,1556,1437,1728,973,681,89,72,201,536,684,721,893.0000000000001
74,Battle Creek,juv_rear,North Delta,8,6,5,10.999999999999998,12,5,6,7,6,5,10,12,10,8,0,0,8,16,14,6,2
74,Clear Creek,juv_rear,North Delta,8,172,205,192,405,311,502,618,226,224,221,279,184,128,22,28,32,56,68,68,80
75,Upper Sacramento River,juv_rear,South Delta,9,4543,5209,3359,5164,3156,4277,4970,1779,1556,1437,1728,973,681,89,72,201,536,684,721,893.0000000000001
75,Battle Creek,juv_rear,South Delta,9,6,5,10.999999999999998,12,5,6,7,6,5,10,12,10,8,0,0,8,16,14,6,2
75,Clear Creek,juv_rear,South Delta,9,172,205,192,405,311,502,618,226,224,221,279,184,128,22,28,32,56,68,68,80
76,Upper Sacramento River,juv_rear,North Delta,9,4543,5209,3359,5164,3156,4277,4970,1779,1556,1437,1728,973,681,89,72,201,536,684,721,893.0000000000001
76,Battle Creek,juv_rear,North Delta,9,6,5,10.999999999999998,12,5,6,7,6,5,10,12,10,8,0,0,8,16,14,6,2
76,Clear Creek,juv_rear,North Delta,9,172,205,192,405,311,502,618,226,224,221,279,184,128,22,28,32,56,68,68,80
77,Upper Sacramento River,juv_rear,South Delta,10,4543,5209,3359,5164,3156,4277,4970,1779,1556,1437,1728,973,681,89,72,201,536,684,721,893.0000000000001
77,Battle Creek,juv_rear,South Delta,10,6,5,10.999999999999998,12,5,6,7,6,5,10,12,10,8,0,0,8,16,14,6,2
77,Clear Creek,juv_rear,South Delta,10,172,205,192,405,311,502,618,226,224,221,279,184,128,22,28,32,56,68,68,80
78,Upper Sacramento River,juv_rear,North Delta,10,4543,5209,3359,5164,3156,4277,4970,1779,1556,1437,1728,973,681,89,72,201,536,684,721,893.0000000000001
78,Battle Creek,juv_rear,North Delta,10,6,5,10.999999999999998,12,5,6,7,6,5,10,12,10,8,0,0,8,16,14,6,2
78,Clear Creek,juv_rear,North Delta,10,172,205,192,405,311,502,618,226,224,221,279,184,128,22,28,32,56,68,68,80
79,Upper Sacramento River,juv_rear,South Delta,11,4543,5209,3359,5164,3156,4277,4970,1779,1556,1437,1728,973,681,89,72,201,536,684,721,893.0000000000001
79,Battle Creek,juv_rear,South Delta,11,6,5,10.999999999999998,12,5,6,7,6,5,10,12,10,8,0,0,8,16,14,6,2
79,Clear Creek,juv_rear,South Delta,11,172,205,192,405,311,502,618,226,224,221,279,184,128,22,28,32,56,68,68,80
80,Upper Sacramento River,juv_rear,North Delta,11,4543,5209,3359,5164,3156,4277,4970,1779,1556,1437,1728,973,681,89,72,201,536,684,721,893.0000000000001
80,Battle Creek,juv_rear,North Delta,11,6,5,10.999999999999998,12,5,6,7,6,5,10,12,10,8,0,0,8,16,14,6,2
80,Clear Creek,juv_rear,North Delta,11,172,205,192,405,311,502,618,226,224,221,279,184,128,22,28,32,56,68,68,80
81,Upper Sacramento River,juv_migratory,Upper-mid Sacramento River,4,4543,5209,3359,5164,3156,4277,4970,1779,1556,1437,1728,973,681,89,72,201,536,684,721,893.0000000000001
81,Battle Creek,juv_migratory,Upper-mid Sacramento River,4,6,5,10.999999999999998,12,5,6,7,6,5,10,12,10,8,0,0,8,16,14,6,2
81,Clear Creek,juv_migratory,Upper-mid Sacramento River,4,172,205,192,405,311,502,618,226,224,221,279,184,128,22,28,32,56,68,68,80
82,Upper Sacramento River,juv_migratory,Lower-mid Sacramento River,4,4543,5209,3359,5164,3156,4277,4970,1779,1556,1437,1728,973,681,89,72,201,536,684,721,893.0000000000001
82,Battle Creek,juv_migratory,Lower-mid Sacramento River,4,6,5,10.999999999999998,12,5,6,7,6,5,10,12,10,8,0,0,8,16,14,6,2
82,Clear Creek,juv_migratory,Lower-mid Sacramento River,4,172,205,192,405,311,502,618,226,224,221,279,184,128,22,28,32,56,68,68,80
83,Upper Sacramento River,juv_migratory,Lower Sacramento River,4,4543,5209,3359,5164,3156,4277,4970,1779,1556,1437,1728,973,681,89,72,201,536,684,721,893.0000000000001
83,Battle Creek,juv_migratory,Lower Sacramento River,4,6,5,10.999999999999998,12,5,6,7,6,5,10,12,10,8,0,0,8,16,14,6,2
83,Clear Creek,juv_migratory,Lower Sacramento River,4,172,205,192,405,311,502,618,226,224,221,279,184,128,22,28,32,56,68,68,80
84,Upper Sacramento River,juv_migratory,Sutter Bypass,4,4543,5209,3359,5164,3156,4277,4970,1779,1556,1437,1728,973,681,89,72,201,536,684,721,893.0000000000001
84,Battle Creek,juv_migratory,Sutter Bypass,4,6,5,10.999999999999998,12,5,6,7,6,5,10,12,10,8,0,0,8,16,14,6,2
84,Clear Creek,juv_migratory,Sutter Bypass,4,172,205,192,405,311,502,618,226,224,221,279,184,128,22,28,32,56,68,68,80
85,Upper Sacramento River,juv_migratory,Yolo Bypass,4,4543,5209,3359,5164,3156,4277,4970,1779,1556,1437,1728,973,681,89,72,201,536,684,721,893.0000000000001
85,Battle Creek,juv_migratory,Yolo Bypass,4,6,5,10.999999999999998,12,5,6,7,6,5,10,12,10,8,0,0,8,16,14,6,2
85,Clear Creek,juv_migratory,Yolo Bypass,4,172,205,192,405,311,502,618,226,224,221,279,184,128,22,28,32,56,68,68,80
86,Upper Sacramento River,juv_migratory,Upper-mid Sacramento River,5,4543,5209,3359,5164,3156,4277,4972,1779,1556,1437,1728,973,681,89,72,201,536,684,721,893.0000000000001
86,Battle Creek,juv_migratory,Upper-mid Sacramento River,5,6,5,10.999999999999998,12,5,6,7,6,5,10,12,10,8,0,0,8,16,14,6,2
86,Clear Creek,juv_migratory,Upper-mid Sacramento River,5,172,205,192,405,311,502,618,226,224,221,279,184,128,22,28,32,56,68,68,80
87,Upper Sacramento River,juv_migratory,Lower-mid Sacramento River,5,4543,5209,3359,5164,3156,4277,4972,1779,1556,1437,1728,973,681,89,72,201,536,684,721,893.0000000000001
87,Battle Creek,juv_migratory,Lower-mid Sacramento River,5,6,5,10.999999999999998,12,5,6,7,6,5,10,12,10,8,0,0,8,16,14,6,2
87,Clear Creek,juv_migratory,Lower-mid Sacramento River,5,172,205,192,405,311,502,618,226,224,221,279,184,128,22,28,32,56,68,68,80
88,Upper Sacramento River,juv_migratory,Lower Sacramento River,5,4543,5209,3359,5164,3156,4277,4972,1779,1556,1437,1728,973,681,89,72,201,536,684,721,893.0000000000001
88,Battle Creek,juv_migratory,Lower Sacramento River,5,6,5,10.999999999999998,12,5,6,7,6,5,10,12,10,8,0,0,8,16,14,6,2
88,Clear Creek,juv_migratory,Lower Sacramento River,5,172,205,192,405,311,502,618,226,224,221,279,184,128,22,28,32,56,68,68,80
89,Upper Sacramento River,juv_migratory,Sutter Bypass,5,4543,5209,3359,5164,3156,4277,4970,1779,1556,1437,1728,973,681,89,72,201,536,684,721,893.0000000000001
89,Battle Creek,juv_migratory,Sutter Bypass,5,6,5,10.999999999999998,12,5,6,7,6,5,10,12,10,8,0,0,8,16,14,6,2
89,Clear Creek,juv_migratory,Sutter Bypass,5,172,205,192,405,311,502,618,226,224,221,279,184,128,22,28,32,56,68,68,80
90,Upper Sacramento River,juv_migratory,Yolo Bypass,5,4543,5209,3359,5164,3156,4277,4970,1779,1556,1437,1728,973,681,89,72,201,536,684,721,893.0000000000001
90,Battle Creek,juv_migratory,Yolo Bypass,5,6,5,10.999999999999998,12,5,6,7,6,5,10,12,10,8,0,0,8,16,14,6,2
90,Clear Creek,juv_migratory,Yolo Bypass,5,172,205,192,405,311,502,618,226,224,221,279,184,128,22,28,32,56,68,68,80
91,Upper Sacramento River,juv_migratory,Upper-mid Sacramento River,6,4543,5209,3370,5180,3158,4499,5261,1798,1560,1442,1737,973,683,89,72,221,563,707,763.9999999999999,923
91,Battle Creek,juv_migratory,Upper-mid Sacramento River,6,6,5,10.999999999999998,12,5,6,8,6,5,10,12,10,8,0,0,8,16,14,6,2
91,Clear Creek,juv_migratory,Upper-mid Sacramento River,6,172,205,194,408,311,506,622,228,225,224,283,188,130,22,28,34,58,72,74,90
92,Upper Sacramento River,juv_migratory,Lower-mid Sacramento River,6,4543,5209,3369,5177,3158,4495,5256,1797,1560,1442,1737,973,683,89,72,221,563,707,763.9999999999999,923
92,Battle Creek,juv_migratory,Lower-mid Sacramento River,6,6,5,10.999999999999998,12,5,6,8,6,5,10,12,10,8,0,0,8,16,14,6,2
92,Clear Creek,juv_migratory,Lower-mid Sacramento River,6,172,205,194,408,311,506,622,228,225,224,283,188,130,22,28,34,58,72,74,90
93,Upper Sacramento River,juv_migratory,Lower Sacramento River,6,4543,5209,3369,5179,3158,4499,5261,1797,1560,1442,1737,973,683,89,72,221,563,707,763.9999999999999,923
93,Battle Creek,juv_migratory,Lower Sacramento River,6,6,5,10.999999999999998,12,5,6,8,6,5,10,12,10,8,0,0,8,16,14,6,2
93,Clear Creek,juv_migratory,Lower Sacramento River,6,172,205,194,408,311,506,622,228,225,224,283,188,130,22,28,34,58,74,74,90
94,Upper Sacramento River,juv_migratory,Sutter Bypass,6,4543,5209,3359,5164,3156,4277,4970,1779,1556,1437,1728,973,681,89,72,201,536,684,721,893.0000000000001
94,Battle Creek,juv_migratory,Sutter Bypass,6,6,5,10.999999999999998,12,5,6,7,6,5,10,12,10,8,0,0,8,16,14,6,2
94,Clear Creek,juv_migratory,Sutter Bypass,6,172,205,192,405,311,502,618,226,224,221,279,184,128,22,28,32,56,68,68,80
95,Upper Sacramento River,juv_migratory,Yolo Bypass,6,4543,5209,3359,5164,3156,4277,4970,1779,1556,1437,1728,973,681,89,72,201,536,684,721,893.0000000000001
95,Battle Creek,juv_migratory,Yolo Bypass,6,6,5,10.999999999999998,12,5,6,7,6,5,10,12,10,8,0,0,8,16,14,6,2
95,Clear Creek,juv_migratory,Yolo Bypass,6,172,205,192,405,311,502,618,226,224,221,279,184,128,22,28,32,56,68,68,80
96,Upper Sacramento River,juv_migratory,Upper-mid Sacramento River,7,4543,5209,3433,5330,3271,4324,5023,1895.0000000000002,1674,1598,1963,1141,811,101,83,218,601,760,787,995.9999999999999
96,Battle Creek,juv_migratory,Upper-mid Sacramento River,7,6,5,10.999999999999998,13,5,6,7,6,5,10,14,10,8,0,0,10,18,16,8,2
96,Clear Creek,juv_migratory,Upper-mid Sacramento River,7,172,205,195,415,317,506,621,244,243,244,312,211,146,24,32,34,66,80,76,98
97,Upper Sacramento River,juv_migratory,Lower-mid Sacramento River,7,4543,5209,3433,5331,3271,4324,5023,1895.0000000000002,1676,1598,1964.9999999999998,1142,811,103,83,219,602,760,788,995.9999999999999
97,Battle Creek,juv_migratory,Lower-mid Sacramento River,7,6,5,10.999999999999998,13,5,6,7,6,7,10,14,10,8,0,0,10,18,16,8,2
97,Clear Creek,juv_migratory,Lower-mid Sacramento River,7,172,205,195,415,317,506,621,244,243,244,312,211,146,24,32,34,66,80,76,98
98,Upper Sacramento River,juv_migratory,Lower Sacramento River,7,4543,5209,3433,5331,3271,4324,5023,1895.0000000000002,1676,1598,1964.9999999999998,1142,811,103,83,219,602,760,788,995.9999999999999
98,Battle Creek,juv_migratory,Lower Sacramento River,7,6,5,10.999999999999998,13,5,6,7,6,7,10,14,10,8,0,0,10,18,16,8,2
98,Clear Creek,juv_migratory,Lower Sacramento River,7,172,205,195,415,317,506,621,244,243,244,312,211,146,24,32,34,66,80,76,98
99,Upper Sacramento River,juv_migratory,Sutter Bypass,7,4543,5209,3359,5164,3156,4277,4970,1779,1556,1437,1728,973,681,89,72,201,536,684,721,893.0000000000001
99,Battle Creek,juv_migratory,Sutter Bypass,7,6,5,10.999999999999998,12,5,6,7,6,5,10,12,10,8,0,0,8,16,14,6,2
99,Clear Creek,juv_migratory,Sutter Bypass,7,172,205,192,405,311,502,618,226,224,221,279,184,128,22,28,32,56,68,68,80
100,Upper Sacramento River,juv_migratory,Yolo Bypass,7,4543,5209,3359,5164,3156,4277,4970,1779,1556,1437,1728,973,681,89,72,201,536,684,721,893.0000000000001
100,Battle Creek,juv_migratory,Yolo Bypass,7,6,5,10.999999999999998,12,5,6,7,6,5,10,12,10,8,0,0,8,16,14,6,2
100,Clear Creek,juv_migratory,Yolo Bypass,7,172,205,192,405,311,502,618,226,224,221,279,184,128,22,28,32,56,68,68,80
101,Upper Sacramento River,juv_migratory,Upper-mid Sacramento River,8,4543,5209,3360,5171,3162,4286,4981,1867,1665,1546,1873,1064,777,95,77,203,569,731,745,942
101,Battle Creek,juv_migratory,Upper-mid Sacramento River,8,6,5,10.999999999999998,12,5,6,7,6,5,10,12,10,8,0,0,8,16,14,6,2
101,Clear Creek,juv_migratory,Upper-mid Sacramento River,8,172,205,192,405,311,504,618,238,239,234,300,199,140,24,30,32,56,70,68,82
102,Upper Sacramento River,juv_migratory,Lower-mid Sacramento River,8,4543,5209,3360,5171,3162,4286,4981,1867,1665,1546,1873,1064,777,95,77,203,569,731,745,942
102,Battle Creek,juv_migratory,Lower-mid Sacramento River,8,6,5,10.999999999999998,12,5,6,7,6,5,10,12,10,8,0,0,8,16,14,6,2
102,Clear Creek,juv_migratory,Lower-mid Sacramento River,8,172,205,192,405,311,504,618,238,239,234,300,199,140,24,30,32,56,70,68,82
103,Upper Sacramento River,juv_migratory,Lower Sacramento River,8,4543,5209,3360,5171,3162,4286,4981,1867,1665,1546,1873,1064,777,95,77,203,569,731,745,942
103,Battle Creek,juv_migratory,Lower Sacramento River,8,6,5,10.999999999999998,12,5,6,7,6,5,10,12,10,8,0,0,8,16,14,6,2
103,Clear Creek,juv_migratory,Lower Sacramento River,8,172,205,192,405,311,504,618,238,239,234,300,199,140,24,30,32,56,70,68,82
104,Upper Sacramento River,juv_migratory,Sutter Bypass,8,4543,5209,3359,5164,3156,4277,4970,1779,1556,1437,1728,973,681,89,72,201,536,684,721,893.0000000000001
104,Battle Creek,juv_migratory,Sutter Bypass,8,6,5,10.999999999999998,12,5,6,7,6,5,10,12,10,8,0,0,8,16,14,6,2
104,Clear Creek,juv_migratory,Sutter Bypass,8,172,205,192,405,311,502,618,226,224,221,279,184,128,22,28,32,56,68,68,80
105,Upper Sacramento River,juv_migratory,Yolo Bypass,8,4543,5209,3359,5164,3156,4277,4970,1779,1556,1437,1728,973,681,89,72,201,536,684,721,893.0000000000001
105,Battle Creek,juv_migratory,Yolo Bypass,8,6,5,10.999999999999998,12,5,6,7,6,5,10,12,10,8,0,0,8,16,14,6,2
105,Clear Creek,juv_migratory,Yolo Bypass,8,172,205,192,405,311,502,618,226,224,221,279,184,128,22,28,32,56,68,68,80
106,Upper Sacramento River,juv_migratory,Upper-mid Sacramento River,9,4543,5209,3360,5167,3158,4344,5057,1786,1557,1441,1732,973,683,89,72,201,537,695,734,901
106,Battle Creek,juv_migratory,Upper-mid Sacramento River,9,6,5,10.999999999999998,12,5,6,7,6,5,10,12,10,8,0,0,8,16,14,6,2
106,Clear Creek,juv_migratory,Upper-mid Sacramento River,9,172,205,192,405,311,507,623,226,224,221,279,184,128,22,28,32,56,68,68,80
107,Upper Sacramento River,juv_migratory,Lower-mid Sacramento River,9,4543,5209,3359,5167,3158,4315,5023,1783,1556,1440,1731,973,683,89,72,201,537,695,734,901
107,Battle Creek,juv_migratory,Lower-mid Sacramento River,9,6,5,10.999999999999998,12,5,6,7,6,5,10,12,10,8,0,0,8,16,14,6,2
107,Clear Creek,juv_migratory,Lower-mid Sacramento River,9,172,205,192,405,311,506,621,226,224,221,279,184,128,22,28,32,56,68,68,80
108,Upper Sacramento River,juv_migratory,Lower Sacramento River,9,4543,5209,3360,5167,3158,4315,5023,1783,1556,1440,1731,973,683,89,72,201,537,695,734,901
108,Battle Creek,juv_migratory,Lower Sacramento River,9,6,5,10.999999999999998,12,5,6,7,6,5,10,12,10,8,0,0,8,16,14,6,2
108,Clear Creek,juv_migratory,Lower Sacramento River,9,172,205,192,405,311,506,621,226,224,221,279,184,128,22,28,32,56,68,68,80
109,Upper Sacramento River,juv_migratory,Sutter Bypass,9,4543,5209,3359,5164,3156,4277,4970,1779,1556,1437,1728,973,681,89,72,201,536,684,721,893.0000000000001
109,Battle Creek,juv_migratory,Sutter Bypass,9,6,5,10.999999999999998,12,5,6,7,6,5,10,12,10,8,0,0,8,16,14,6,2
109,Clear Creek,juv_migratory,Sutter Bypass,9,172,205,192,405,311,502,618,226,224,221,279,184,128,22,28,32,56,68,68,80
110,Upper Sacramento River,juv_migratory,Yolo Bypass,9,4543,5209,3359,5164,3156,4277,4970,1779,1556,1437,1728,973,681,89,72,201,536,684,721,893.0000000000001
110,Battle Creek,juv_migratory,Yolo Bypass,9,6,5,10.999999999999998,12,5,6,7,6,5,10,12,10,8,0,0,8,16,14,6,2
110,Clear Creek,juv_migratory,Yolo Bypass,9,172,205,192,405,311,502,618,226,224,221,279,184,128,22,28,32,56,68,68,80
111,Upper Sacramento River,juv_migratory,Upper-mid Sacramento River,10,4543,5209,3402,5224,3174,4295,4996,1809,1562,1470,1780,999,699,89,74,201,542,692,739,916.9999999999999
111,Battle Creek,juv_migratory,Upper-mid Sacramento River,10,6,5,10.999999999999998,12,5,6,7,6,5,10,12,10,8,0,0,8,16,14,6,2
111,Clear Creek,juv_migratory,Upper-mid Sacramento River,10,172,205,195,410,311,504,619,230,225,224,290,189,130,22,30,32,56,68,72,84
112,Upper Sacramento River,juv_migratory,Lower-mid Sacramento River,10,4543,5209,3359,5171,3166,4309,5008,1788,1560,1441,1734,974,687,89,72,201,540,689,737,914
112,Battle Creek,juv_migratory,Lower-mid Sacramento River,10,6,5,10.999999999999998,12,5,6,7,6,5,10,12,10,8,0,0,8,16,14,6,2
112,Clear Creek,juv_migratory,Lower-mid Sacramento River,10,172,205,192,405,311,504,619,226,225,221,279,186,130,22,28,32,56,68,72,84
113,Upper Sacramento River,juv_migratory,Lower Sacramento River,10,4543,5209,3359,5171,3166,4311,5011,1789,1560,1441,1734,976,687,89,72,201,540,690,739,914
113,Battle Creek,juv_migratory,Lower Sacramento River,10,6,5,10.999999999999998,12,5,6,7,6,5,10,12,10,8,0,0,8,16,14,6,2
113,Clear Creek,juv_migratory,Lower Sacramento River,10,172,205,192,405,311,504,619,226,225,221,279,186,130,22,28,32,56,68,72,84
114,Upper Sacramento River,juv_migratory,Sutter Bypass,10,4543,5209,3359,5164,3156,4277,4970,1779,1556,1437,1728,973,681,89,72,201,536,684,721,893.0000000000001
114,Battle Creek,juv_migratory,Sutter Bypass,10,6,5,10.999999999999998,12,5,6,7,6,5,10,12,10,8,0,0,8,16,14,6,2
114,Clear Creek,juv_migratory,Sutter Bypass,10,172,205,192,405,311,502,618,226,224,221,279,184,128,22,28,32,56,68,68,80
115,Upper Sacramento River,juv_migratory,Yolo Bypass,10,4543,5209,3359,5164,3156,4277,4970,1779,1556,1437,1728,973,681,89,72,201,536,684,721,893.0000000000001
115,Battle Creek,juv_migratory,Yolo Bypass,10,6,5,10.999999999999998,12,5,6,7,6,5,10,12,10,8,0,0,8,16,14,6,2
115,Clear Creek,juv_migratory,Yolo Bypass,10,172,205,192,405,311,502,618,226,224,221,279,184,128,22,28,32,56,68,68,80
116,Upper Sacramento River,juv_migratory,Upper-mid Sacramento River,11,4543,5209,3737,5950,3731,4887,5505,1895.0000000000002,1624,1513,1796,1023,716,100,88,207,557,752,847,1091
116,Battle Creek,juv_migratory,Upper-mid Sacramento River,11,6,5,10.999999999999998,13,5,6,8,6,5,10,10,10,8,0,0,8,16,14,6,2
116,Clear Creek,juv_migratory,Upper-mid Sacramento River,11,172,205,215,465,373,597,722,249,248,238,300,203,134,26,34,34,66,78,82,108
117,Upper Sacramento River,juv_migratory,Lower-mid Sacramento River,11,4543,5209,3780,6003,3744,4899,5523,1917,1624,1540,1838,1047,724,103,89,207,557,751.0000000000001,847,1091
117,Battle Creek,juv_migratory,Lower-mid Sacramento River,11,6,5,10.999999999999998,13,5,4,8,6,5,10,10,10,8,0,0,8,16,14,6,2
117,Clear Creek,juv_migratory,Lower-mid Sacramento River,11,172,205,217,471,373,599,724,251,248,242,305,207,136,26,34,34,66,78,82,110
118,Upper Sacramento River,juv_migratory,Lower Sacramento River,11,4543,5209,3359,5164,3156,4277,4970,1779,1556,1437,1728,973,681,89,72,201,536,684,721,893.0000000000001
118,Battle Creek,juv_migratory,Lower Sacramento River,11,6,5,10.999999999999998,12,5,6,7,6,5,10,12,10,8,0,0,8,16,14,6,2
118,Clear Creek,juv_migratory,Lower Sacramento River,11,172,205,192,405,311,502,618,226,224,221,279,184,128,22,28,32,56,68,68,80
119,Upper Sacramento River,juv_migratory,Sutter Bypass,11,4543,5209,3359,5164,3156,4277,4970,1779,1556,1437,1728,973,681,89,72,201,536,684,721,893.0000000000001
119,Battle Creek,juv_migratory,Sutter Bypass,11,6,5,10.999999999999998,12,5,6,7,6,5,10,12,10,8,0,0,8,16,14,6,2
119,Clear Creek,juv_migratory,Sutter Bypass,11,172,205,192,405,311,502,618,226,224,221,279,184,128,22,28,32,56,68,68,80
120,Upper Sacramento River,juv_migratory,Yolo Bypass,11,4543,5209,3359,5164,3156,4277,4970,1779,1556,1437,1728,973,681,89,72,201,536,684,721,893.0000000000001
120,Battle Creek,juv_migratory,Yolo Bypass,11,6,5,10.999999999999998,12,5,6,7,6,5,10,12,10,8,0,0,8,16,14,6,2
120,Clear Creek,juv_migratory,Yolo Bypass,11,172,205,192,405,311,502,618,226,224,221,279,184,128,22,28,32,56,68,68,80
121,Upper Sacramento River,juv_migratory,Delta,4,4543,5209,3359,5164,3156,4277,4970,1779,1556,1437,1728,973,681,89,72,201,536,684,721,893.0000000000001
121,Battle Creek,juv_migratory,Delta,4,6,5,10.999999999999998,12,5,6,7,6,5,10,12,10,8,0,0,8,16,14,6,2
121,Clear Creek,juv_migratory,Delta,4,172,205,192,405,311,502,618,226,224,221,279,184,128,22,28,32,56,68,68,80
122,Upper Sacramento River,juv_migratory,Bay Delta,4,4543,5209,3359,5164,3156,4277,4970,1779,1556,1437,1728,973,681,89,72,201,536,684,721,893.0000000000001
122,Battle Creek,juv_migratory,Bay Delta,4,6,5,10.999999999999998,12,5,6,7,6,5,10,12,10,8,0,0,8,16,14,6,2
122,Clear Creek,juv_migratory,Bay Delta,4,172,205,192,405,311,502,618,226,224,221,279,184,128,22,28,32,56,68,68,80
123,Upper Sacramento River,juv_migratory,Delta,5,4543,5209,3359,5164,3156,4277,4970,1779,1556,1437,1728,973,681,89,72,201,536,684,721,893.0000000000001
123,Battle Creek,juv_migratory,Delta,5,6,5,10.999999999999998,12,5,6,7,6,5,10,12,10,8,0,0,8,16,14,6,2
123,Clear Creek,juv_migratory,Delta,5,172,205,192,405,311,502,618,226,224,221,279,184,128,22,28,32,56,68,68,80
124,Upper Sacramento River,juv_migratory,Bay Delta,5,4543,5209,3359,5164,3156,4277,4972,1779,1556,1437,1728,973,681,89,72,201,536,684,721,893.0000000000001
124,Battle Creek,juv_migratory,Bay Delta,5,6,5,10.999999999999998,12,5,6,7,6,5,10,12,10,8,0,0,8,16,14,6,2
124,Clear Creek,juv_migratory,Bay Delta,5,172,205,192,405,311,502,618,226,224,221,279,184,128,22,28,32,56,68,68,80
125,Upper Sacramento River,juv_migratory,Delta,6,4543,5209,3360,5167,3158,4304,5008,1782,1556,1438,1729,973,681,89,72,204,540,690,728,898
125,Battle Creek,juv_migratory,Delta,6,6,5,10.999999999999998,12,5,6,7,6,5,10,12,10,8,0,0,8,16,14,6,2
125,Clear Creek,juv_migratory,Delta,6,172,205,192,405,311,504,618,226,225,221,279,184,128,22,28,32,56,68,68,80
126,Upper Sacramento River,juv_migratory,Bay Delta,6,4543,5209,3369,5179,3158,4499,5261,1797,1560,1442,1737,973,683,89,72,221,563,707,763.9999999999999,923
126,Battle Creek,juv_migratory,Bay Delta,6,6,5,10.999999999999998,12,5,6,8,6,5,10,12,10,8,0,0,8,16,14,6,2
126,Clear Creek,juv_migratory,Bay Delta,6,172,205,194,408,311,506,622,228,225,224,283,188,130,22,28,34,58,74,74,90
127,Upper Sacramento River,juv_migratory,Delta,7,4543,5209,3370,5190,3171,4283,4977,1798,1570,1461,1760,995.9999999999999,699,89,74,203,548,699,733,912.9999999999999
127,Battle Creek,juv_migratory,Delta,7,6,5,10.999999999999998,12,5,6,7,6,5,10,12,10,8,0,0,8,16,14,6,2
127,Clear Creek,juv_migratory,Delta,7,172,205,194,406,311,502,618,230,229,224,288,190,131,22,28,32,56,68,68,80
128,Upper Sacramento River,juv_migratory,Bay Delta,7,4543,5209,3433,5331,3271,4324,5023,1895.0000000000002,1676,1598,1964.9999999999998,1142,811,103,83,219,602,760,788,993.9999999999999
128,Battle Creek,juv_migratory,Bay Delta,7,6,5,10.999999999999998,13,5,6,7,6,9,10,14,10,8,0,0,10,18,14,8,2
128,Clear Creek,juv_migratory,Bay Delta,7,172,205,195,417,317,506,621,244,243,244,312,211,146,24,32,34,66,80,76,98
129,Upper Sacramento River,juv_migratory,Delta,8,4543,5209,3359,5165,3158,4278,4973,1795,1570,1454,1752,986,696,89,72,201,540,690,724,897
129,Battle Creek,juv_migratory,Delta,8,6,5,10.999999999999998,12,5,6,7,6,5,10,12,10,8,0,0,8,16,14,6,2
129,Clear Creek,juv_migratory,Delta,8,172,205,192,405,311,502,618,226,225,223,281,186,130,22,28,32,56,68,68,80
130,Upper Sacramento River,juv_migratory,Bay Delta,8,4543,5209,3360,5171,3162,4286,4982,1867,1665,1546,1873,1064,776,95,77,203,569,731,745,942
130,Battle Creek,juv_migratory,Bay Delta,8,6,5,10.999999999999998,12,5,6,7,6,5,10,12,10,8,0,0,8,16,14,6,2
130,Clear Creek,juv_migratory,Bay Delta,8,172,205,192,405,311,504,618,238,239,234,300,199,140,24,30,32,56,70,68,82
131,Upper Sacramento River,juv_migratory,Delta,9,4543,5209,3359,5165,3156,4283,4978,1782,1556,1438,1729,973,681,89,72,201,536,687,724,893.0000000000001
131,Battle Creek,juv_migratory,Delta,9,6,5,10.999999999999998,12,5,6,7,6,5,10,12,10,8,0,0,8,16,14,6,2
131,Clear Creek,juv_migratory,Delta,9,172,205,192,405,311,502,618,226,224,221,279,184,128,22,28,32,56,68,68,80
132,Upper Sacramento River,juv_migratory,Bay Delta,9,4543,5209,3360,5167,3158,4315,5023,1783,1556,1440,1731,973,683,89,72,201,537,695,734,901
132,Battle Creek,juv_migratory,Bay Delta,9,6,5,10.999999999999998,12,5,6,7,6,5,10,12,10,8,0,0,8,16,14,6,2
132,Clear Creek,juv_migratory,Bay Delta,9,172,205,192,405,311,506,621,226,224,221,279,184,128,22,28,32,56,68,68,80
133,Upper Sacramento River,juv_migratory,Delta,10,4543,5209,3359,5165,3158,4283,4976,1779,1556,1437,1728,973,683,89,72,201,537,684,724,896
133,Battle Creek,juv_migratory,Delta,10,6,5,10.999999999999998,12,5,6,7,6,5,10,12,10,8,0,0,8,16,14,6,2
133,Clear Creek,juv_migratory,Delta,10,172,205,192,405,311,502,618,226,224,221,279,184,128,22,28,32,56,68,68,80
134,Upper Sacramento River,juv_migratory,Bay Delta,10,4543,5209,3359,5171,3166,4311,5011,1789,1560,1441,1734,976,687,89,72,201,540,690,739,914
134,Battle Creek,juv_migratory,Bay Delta,10,6,5,10.999999999999998,12,5,6,7,6,5,10,12,10,8,0,0,8,16,14,6,2
134,Clear Creek,juv_migratory,Bay Delta,10,172,205,192,405,311,504,619,226,225,221,279,186,130,22,28,32,56,68,72,84
135,Upper Sacramento River,juv_migratory,Delta,11,4543,5209,3409,5261,3222,4344,5035,1798,1562,1451,1743,980,690,89,74,201,540,695,737,919
135,Battle Creek,juv_migratory,Delta,11,6,5,10.999999999999998,12,5,6,7,6,5,10,12,10,8,0,0,8,16,14,6,2
135,Clear Creek,juv_migratory,Delta,11,172,205,195,412,317,511,629,230,229,224,288,190,130,22,30,32,56,66,68,80
136,Upper Sacramento River,juv_migratory,Bay Delta,11,4543,5209,3779,6003,3746,4897,5523,1917,1624,1541,1838,1047,724,103,89,207,557,751.0000000000001,847,1091
136,Battle Creek,juv_migratory,Bay Delta,11,6,5,10.999999999999998,13,5,4,8,6,5,10,10,10,8,0,0,8,16,14,6,2
136,Clear Creek,juv_migratory,Bay Delta,11,172,205,217,471,373,599,724,251,246,242,304,206,134,26,34,34,66,78,82,108
137,Upper Sacramento River,egg_to_fry,Upper Sacramento River,NA,4543,5209,3369,5180,3282,4442,4981,1796,1574,1519,1882,1135,821,109.00000000000001,97,224.00000000000003,637,877,988,1307
137,Battle Creek,egg_to_fry,Upper Sacramento River,NA,6,5,10.999999999999998,10.999999999999998,5,4,7,5,5,8,10,10,8,0,0,8,16,14,6,2
137,Clear Creek,egg_to_fry,Upper Sacramento River,NA,172,205,188,398,307,496,615,217,211,200,246,164,110,16,24,24,42,52,50,56
138,Upper Sacramento River,egg_to_fry,Battle Creek,NA,4543,5209,3359,5164,3156,4277,4970,1779,1556,1437,1728,973,681,89,72,201,536,684,721,893.0000000000001
138,Battle Creek,egg_to_fry,Battle Creek,NA,6,5,10.999999999999998,12,5,6,7,6,5,10,12,10,8,0,0,8,16,14,6,2
138,Clear Creek,egg_to_fry,Battle Creek,NA,172,205,192,405,311,502,618,226,224,221,279,184,128,22,28,32,56,68,68,80
139,Upper Sacramento River,egg_to_fry,Clear Creek,NA,4543,5209,3358,5164,3155,4275,4970,1779,1555,1437,1729,973,683,89,72,201,537,689,724,897
139,Battle Creek,egg_to_fry,Clear Creek,NA,6,5,10.999999999999998,12,5,6,7,8,7,10,14,10,10,0,0,10,20,16,8,2
139,Clear Creek,egg_to_fry,Clear Creek,NA,172,205,192,405,311,502,618,226,224,221,279,184,128,22,28,32,56,68,68,80
140,Upper Sacramento River,NA,NA,NA,4543,5209,3359,5164,3156,4277,4970,1779,1556,1437,1728,973,681,89,72,201,536,684,721,893.0000000000001
140,Battle Creek,NA,NA,NA,6,5,10.999999999999998,12,5,6,7,6,5,10,12,10,8,0,0,8,16,14,6,2
140,Clear Creek,NA,NA,NA,172,205,192,405,311,502,618,226,224,221,279,184,128,22,28,32,56,68,68,80
